3,8c43b91919e6495d9e9571f01572490a
5,27cde3a658f540cbba16a348524daf04
6,d73266aba56548afa813ce9bb09fc3e1
7,b8e5ada20f684e0d86db2fef940e26ac
8,1a5c0786629848bf961a075ef83400a5
9,69b068c312384b38abf3fb2d2bfc4cdb
10,bbfb51c7fc764ad38f6298b35ee05829
11,fdde6f716afa4bb4963424ffe3dd8488
12,f990d08287c34c389cfabe3cbf3dde99
14,7edb99d5f74f492a8dd42af2941cd62c
15,9a5019c0036d4badb0e385efb0cfb375
16,cc957cde864c4442ac7957f6aea99d7e
17,2c44128cb0a74cb28409b806aee12aef
18,5322864fab2c4964b39835a51bcbd4a8
19,67f83a4806e043ea82ce29f2cf194ce6
20,49d55b964f484b15bc40be1be79d8f68
21,877ecf97fbad44fcad6cf10ec69b65c6
2,cdcebbfbaf414fbcb6680823a0b96011
25,d7cf3862971b41b5ac5a892036634f57
27,6b05171acd604a0c951570e01a88e3bc
28,d392545fba7248f38a5ca25bcda2ae6e
29,86b2f97e11fc4a87be8d621fd46fc7e6
30,acca025fab5a42a58eb102ab71f16a79
31,af2b64366ab344838ddd6352ffb223dc
32,54b5cccd77e847e0877c0c176569309b
33,68655d30048b451caee7d70688803273
34,62f82d760a0e42d18b84c0fcaab1c823
35,c30bd42742f647a7a5bb5181df5b1f56
37,07d5f165d18f4b3f9e972ef53ffba680
38,c51ee2bfc15a4d908eb375217ff49fac
39,55edf9f53c664847aeec8ff393116b67
40,40e894ae4b004f8fa109efcdf8c6a76e
41,86365334cfbd49dcbaf28e501131c126
42,fe6b3b26906e422e93128cadec31c69d
43,909913983c33463790a36e6aefb7444a
44,78ff25953bbe4d79a069d9492b48ad90
47,58cc4fd6731c4962a259682abeeba9cc
48,efd14beda7564bb990608ab208ecbe43
49,4c58030df55242c49bad3a409968ea41
50,15347c62305d4b79869577916d2b4f88
52,74223faf20b74b1ca706535644558c19
53,67002af8decc478585c48192c7b70dd4
54,6aaa090b767c491e9f8e8d1f13f54478
55,7dcd1923029943c1ba7d75d801cc777c
56,d952c511f6234e559f9616d3768dcaf5
57,bef0722c43dc482299d75fa90f163944
59,8ff25ab60758494c8b64d66017e87670
61,2bcadb6dfa234cbaa3b82725eb5fc4a2
62,973e8abe73204b68bc5805a332c8f88f
63,6a072a5bdb8f4eb28690031efd16bfbf
64,c8eb2a17f271433885ca8e8872eb0e7a
65,058d2dea4e8c41f5a31ecf92210f0510
66,e13fd883959744d69c1dcf243443a7f0
67,a35e1d49beec4d2b9bde818d165150d8
46,38a9acd0274a48949f3f44af7edb7268
70,3ed27bb3c6f549428031a7333b377039
71,729994cf91aa47b3b9bab09bb561592b
72,91d209e6d96548d6a240ecdb6bbc0491
74,f1dc1fa1e8ac4f2aba4d2a15909e429c
75,3cee7473c2ae4526a72d50e784b0faac
76,eedb117c2f9f44a6ae15b8cccfb5b0ab
77,5854eb9cd9da4017afdbd98854dc8904
78,aac4b4e13e554061be7a38f4229daa7d
79,12e92e03b21f40208d678296e40baf91
80,b2e5b793ceff42baa2b058bb43348223
81,19b37df97ee248b5959a9e672cfc79db
82,f7ee773191fb474ca9ebe5ceb2db2ac5
84,9465a6fe0c1348a3add3a07340965fb8
85,16b152b77e904b2d96204fa8002c410c
86,dd9b363b32614d36bc44ca39188e25a3
87,1a82c65424d4492eb14f484f50317177
88,4f44f713073e4136a97d7f80232e60d9
89,22a4f5a7316245dc9ec38941732d398e
69,33ea88f43869464ca0553189689f1dea
92,1fd892f6fba0433da6db1ba9fa969f7c
93,6270f8364eac4b0a88a117c008011e06
94,30ffbb5bc8784aab9dc7c64ceea5aaf6
95,1d1c12df45984293b60a040181ac231b
97,030bed2e80e54303b9ef68d17a98587f
98,9db6c9cf76ab4ce59bb44ae0a01023e7
99,7b8acbba05d0487aa74356852d6b4f92
100,ee6c7732fb5f414097dbca3dc44f11c4
101,dcf7868accc44faa84577500a16cef3b
102,2619e5a74bb54ccbb3df5a0cacedae6f
103,d2c870b5b50f44d085efba9983d72ca3
104,a104e0ca25454f99831ef09ea0702aab
105,b24855f553b9412e9fc3e9c0d60d947b
107,0750724106ff4219b20dbaf049923e7f
108,b0a7a96cc6d94a2dbc788a4c70a038de
109,91c392cac8294936bf2597662a68f720
110,d2644b99b041456db25eadbc5705420c
111,84f09c52074c45fa8fe4de5f183b8782
112,94b591c38db04ce08702d7001aee3bb2
115,eeb06dd4ab2e4ef8bf731d2e58b27736
116,776e8941d0cc408e9cc9cdfed00c6ce9
117,582eebf9f66b4c05a93b7088f1c0b291
120,c91f544f18ce4c91a49cc47cd5a1d53b
121,3a654ebdcf72417890b34c0b6e50a3cd
122,6ac7f3e304754f5db07ed5c2b7092781
123,1f399f45650f4e3cb3f31d830d645a89
124,4e1c4ae720fb45fcaca0afc9a098dc97
125,71f39e9eddf441fd81b879f37f409d87
126,342a6bd1b53b4e8cbf2dd35e8b01d461
127,9b07e0db2a53439b9c33ef057ec7c7ae
129,4d2956f6cae2492496086b00abbaa0eb
130,354bba689d2f4f8fbbe3f6453640e1b8
131,26baf916498d475c9e059292b2aa9221
132,af5049e8f75e453aba2dc52c74736153
133,535dcd88828a4435a184fe97aa6ee840
134,813d5453af714b5d9dc930a14a2f9c9f
135,349b84f5a2734a0d82efd79198bc3a61
114,a141629ed16a436b99ad8c77d9326944
139,5177a0f2fb664404a7abb21340ddc4a8
140,69f14861caec4a748738d99435efb152
141,478339ebafba49f0af6b7322d094534b
142,dc6eed27523d4c3592b95461d8cdc906
143,69450767ce3c46bda62793e3dab644f6
145,10e885e35c4b44f1a1c5b7ffec6ef6a3
146,cbb155851dc84f0abb5b1f15416847f8
147,0423edf5071e4fff8f2dbea20e179c61
148,d60c394f2d93426b829541c40871d55d
149,a3188f6aa48445708de07524be248bb4
150,e81074f166824f819c77499eeee0f782
151,452da69c63cd4f97b7bb141cff87ad92
152,9e7e3bd08a4749d68ab359b0bb9745a3
153,be44f82d0528410fa74c71c886a152f5
154,984fdab134a248a9a42241e0f7cc6c60
156,11dea6adeeb143ad9a16e055e169dce0
157,cdddc7b2e5c047109ac0a91d3ac05ee9
158,736f841f7ac14bc08cabe8a2184e92d4
138,ce09ef0870b84cabb28f215fb1aeaae7
161,72f8b24533e64b4ab46a83a452c97a09
162,2356932a051f4ab796df1f26878f6f4a
164,27fad0b2769a44e2aff0ef83489a7517
165,c722c9e9de734fa5bcf88139d95f4d03
166,bfbd544a93a3498984b3aca162fff67e
167,e5cd368a7c6c41ebb3049213dc769f21
168,9f2a31bcb6c646ad91d6622a4f12dc6e
169,26787e20a4c547b68922aa51339963f9
170,7adf2419ade14af595b4cfa666348e46
171,bac9ce5a3df84c5a8bb080aca463f48c
173,151876cf4e3946f49c6afcb9be23de1a
174,d5a49e57b03a47f6a89287559df7e091
175,4e5b9ede53f9487d88ce1a4e95d65cee
176,e1b2c3b28df647cc8b160d341304e718
177,0a45a2621e79498a8ba264eedbe0624b
178,96a92ecaf7d04eacb4cca1d56c8674c0
179,40a486bee904460d8ccc262be2a01bc4
180,8eb91bccebd24411a67680a2601d1335
160,9c04bdc2bc72493e961f8d08ba20678b
184,fe27024e69c5429fb93d25bfbb7228f3
185,796fb2218ed84a939744b88dc1e7fecb
186,2d48b2c73ef54ea18cdb6b6ab6004be9
187,30438b80959243e0816870cea724b0a7
188,13fda665a73849099d22f59f24bac77e
189,a3f0e6d5423048299f57b94aec854d2e
190,bf26c4574ec744038ad724a9494c40ef
191,7d251247056c429c9ece4d1adb852289
193,415b606ca61a455588b84e25a7900ad9
194,921275ee24634b6ba30fb9d7cc0e9ff5
195,aed66135a2e64d2bb1d58d1c0c6093e4
196,95b6858f5faa4ba1bb12ead5147b78ac
197,8cc7c04cfb2b4cb4b3415f9d9bc5403c
198,67ae50cb45fa47c6866aa6c029adbff8
200,3b98e5b2ffee4d809da186ed56c5be3d
201,ab2c546d4cd944a9904268803211029c
202,e5aa63ec4a0746fbb9961b325ddb3627
203,827ccdda9277476fbac877ca5e8f9aa2
183,eeed2827524c44caad7134208a994fc7
206,640f37395b854e06857289077e8bea8a
207,c6a0bc7ec625492a9582fc6b83274583
208,4a8010bf5ec349fa95cfecbb8c060c0a
209,ba79864862954007883d2b89c0ebfd43
211,b0c9963424bf4ec5a1c14bb7dde0bdfd
212,43af19c32e1b469d8f9d07d40b3e8ed7
213,04763defbce9498c935862ab6cb5b51f
214,ceed871e43774c76896f80127cac9aef
215,718908ac89274ef68aecd98c33f40ebd
216,3f4ac7b9b1d34cabacaf7d9ef6efb69d
217,41f2fc48802c4dd4923f24e90d93a58b
218,b52cdcc185a74129885d1ab6f5eee532
219,67eee71321b545f0b04b910fa8b9ff1a
221,348e2c77804843218ea1e0827cb0b52d
222,9a630407d1fb49f5b579dad3743969ce
223,a1b346a0010143a89a5d46397033dd24
224,ed68fa1a00214e358154316a6c72c727
225,d211bc3c7fb04a60821698bab75b64e7
205,0ea17932c8c74377a1d9e2906bcf64c4
229,a914727a471f426db139f78377dd17cd
230,787c3153d48449219929c89d48b6b49d
231,031dda1de21c40b6be5d2b7b9fbb95af
232,da3bd71fb3bd4596834779cbeea8f01e
233,1dfbcae9120b4d3db8b96174c08788b4
234,ca558ba5501e46cfb2fa2ac09505c5b7
236,41f7c1fe506b4a10a13e63edebff8d45
237,85400c98a061440fa780897a6621db56
238,eda31b0d8eee41d98e06c75888e792ce
239,be44aebb66e74cd48690d154262dfb28
240,91420bbbdf034aac8c807a577e7e62da
241,80583dfc5fc1447e9a58bbcab85e8d1a
242,b17f275d043449049b00eff387787a64
243,4194d12bd85c4262827926a43e388429
244,28852ad81c0d41a89363f7771d5dc028
245,eb04a699748d4d4abc698d8fe2d94188
247,881b5fa153fa44f1a3c804aaf5a7bc84
429,eb3523863f0c4b26ad49958c081596df
227,480f46fdebbe4b299dbf5c49e209ca61
250,e5c1ec153a2745a980abd31267824c8f
251,f7a9b8ea916a47509c49bcea3858e374
253,77c8009ae194484692833cafa0c22d44
254,ada5a2eb5d5a419b9fe732186ce96ffb
255,02b3c6f9a1ba458fbf9623e02cfd4001
256,048563d4685b4fcab08889881f066fff
257,ad5474bd3d43436982b5243d0897decd
258,2a42e601cc4545e092aab2a057947c88
259,e7fa891e1adf4b5da1e1ef376af34a8d
261,595b4e788e3e4c0a9979c25466716c49
262,db1cbdfc33194288a15e2542771b4c17
263,8d27d097226b41be8591ea09fed36eca
264,8ab2e59fbc124cc3981ec0c83aa49139
265,782b25bddadb4743a27f64ae128cb46a
266,4f6d955e291345bdbd955b84f3f26428
267,fc44a3ad9e1a4841a24b3149b82a04fd
268,af5bfe22f15c429b93b0aa4e57421255
269,7db99975439d4def9da803e1496a082d
270,73d577d9c2c3448a9fa43e50c54185d8
249,9a8c54a7d48f4b96a16bd179ee071b44
274,e2588145c2d64a70912a6bbabc214ab6
275,5fd8a4d7d8e6404588a0755a0358be15
276,424ac06f1c15404281e26017a21d4422
277,91708638ab1748d68df6218fbf26450f
278,ec605250c0cb40f3859a631d3e5645d1
280,6d1ec9c94ae748c6b86cc250761c6b13
281,c57d8c97afb24a36973accea41a97915
282,3b11c125326e44dea313c70f270a2697
283,2ade542c9ee6486ca063f8b0333e7608
284,4cc8661e10084bdca2aa022bd5f8835d
285,0f155c1daf5b438ab0b465652ac92b8b
286,f2530a1171d54d6d9b8fb24991493f60
287,b2d0d2ff8df04961b13ac9253998f489
289,7bc4f7437dd542d7a9829c648af74f1d
290,77bdd01dbfb246c8860f2af60c4ba7fd
291,efa5a740040444559a7a4bfe953ad021
292,64dfd7a675804e64ad1b3c12eba6c7fa
293,9ed4a9a7d54a470e886cc6a9b2837a69
273,ac1460cace1540fd97c17dab928c29f2
296,72078e8cb2a849738dc5949d30e9759e
297,c265edee5b3546d4851b15a85c7d3896
298,d0028899b257414790488de5ba58c23a
299,9e9d8b2c7b00445da4850c1429bcfb1a
301,4f506ace5301432d82b42b401e8bfb87
302,a9cc53410f90408bb89f91f2c3513e01
303,47d65b2f02ca4f55b93b53d05521feb4
304,e18ccccffc9c4b1086248ab8fdead1b2
305,d2be869dfbdc4fc29c70916e623e8785
306,642cc1f461c445b4b7f008e1fc61c415
307,a7a7a868f8d6492b8545dbdae82c386e
309,5120bd9522ca40ec97bed6f545e5a31c
310,54d97a78a98948719ec1c0b58ce2298d
311,15b92482eefc46aa8f43083a62148f8f
312,ca16a38f58f743fa89e9344657226d18
313,7456235a10bb4771b8578b709ac7ec60
314,1915c94342b64b72b35b417778cb5c7a
315,1a045bbdb4af4d25b0f07322ec59bd78
295,8458e7776d454ac68a24440fb69b199d
318,fdc91d0ef9f24f1f9aaae0d54eafc03a
319,e334fa69690043a0b6118ade3001fda3
320,7f99871b176345a4b03827b179cef482
322,55cd304a9dfb4582b2c721470c25bce1
323,7b369da2010947e99e02c2e71bde91b5
324,c865447802d94f1bada09a548715015d
326,c112b2bca6f342a98c31e5c87fffa35a
327,7f8afee68c744043b43b5d4372fd0b9b
328,0cabf0ea074544408515ffcf5b6d8bef
330,8ec0f77d4e85471cb73eaeed922c580b
331,eb74c63546f640a4b59afa9ffdd43ca5
332,3385e1e1958a45aa887bfad3a520e3b0
333,01eea35c6f99408f968a0617142aeb29
334,5ec4325fba134e42b136ce5245fa0cd2
335,98af4916592648c4aa992d8db00e6e5b
336,db099c885ecb4f3ba910d0c7bb96d8dd
337,8170bb00525e4c028c752d923bb9a4d5
317,f2e8a15a4f1847aea0df540731b498cf
340,b290e7531b31446883253332fad1f693
341,3165dbb9c7c344a985fd38bc6ba0ce81
342,2ee714bfa1af48a3885846c078a81800
343,fea00787eb034cb2a11e8086a48db88e
344,934e4f88bc3844d9a64f9c73fa83766a
345,da4b8e25cc54403ea76ee88841e329c7
346,aa5272abe648488a9975b3c38621373a
347,e1284c410cd84c8080503963a046c743
349,b09d9ff8a0bd4ae3973eada9b3b62cef
350,07640c627155434ba3be6fbfadf65bcb
351,38a3c3631370463ea2668d9d40a20257
352,cb6d61b2917a4d119918c302e1cb00be
353,1cbfdfbf32284d2d9468afab31eb1df0
355,52c29eca5ca04cc4b69d741d776e7db4
356,867b71f6cc894c4ba3e95c2d8c2bdf18
357,bebb939bad4f4b2f808e44b5f84bfd15
358,122324cfb0db485cb8f1b04369154b2c
359,8d4d32c70c9445d59b299a06aecd4797
360,168ab1953d4f4d30a985f9bd41ccc89a
339,3af5f262689b417f8b7dd7a6e815f953
364,4e091859472b4257b15caafdf6fc8f48
365,639f9e218d8e45a7a154b44c7e60cec7
366,59fd391757a642ffb541248c19add93e
367,fbfd1e25bbd54c5b8691bd3c56e3f331
368,e51aee1088c9425e8667fe3f6846f3d2
369,61b82805e2b4493cbb216019e5d4fd33
370,85ab2e74589a414495d18cc7a9233981
371,c84099ce5eb64a988f1705b7d052cf61
373,b7b91e6071684e9f91ea062cd73f4aa6
374,f062e216cb9f4a29a8ac0e7353d1d01e
375,4afec43dc23f4b40a7cefc31dbd6582a
376,3a35c6915df449aebc487407a3889d94
377,046ce370088a489997d92271f36249ca
378,232901b5e78840cfaaf4389cf6e0df95
379,bc182a1b25284d9b8fee052889f036d7
381,334a36f20cd84104b9fbdbf7319f7930
382,5946ea294dd042d9b9f4d25ea7bb638e
383,d5359486708c4fcfa3f73bc0b6de77f1
363,58d446920f0a49c4b07786013fd26f71
387,018e5c0964614d0882138d77e1052be4
388,8f768c08e1ce4a43a4c7044fb7fe8d10
389,1c363e2e6c1d49ab972cb2a084cd92e3
390,26b76f34059c42f5bbbd827b5f8166c7
391,a3be19b86ce444babbd31bab9743a003
392,9bf0ffeefce143cfb0ff4a0e1d017737
393,e775eaa948444f849349cd99ffe8d416
394,51e104a9b3bb45b1a2917aa774a25eec
396,b1939928e8ab4dc2b50ff24fbfc1e6ff
397,c7bae5b1210d4861b0445cde83222efa
398,f4620a4b164e4b919c74e41ad38460a4
399,b875d19789ce4c88b276a607202b362c
400,0b2402aa5e3943ccaf12e7e589b85c66
401,59c5b66cc5e94e05b6d5b97c10fdf2bf
402,80b2a622c2ea4d3f8de8a4b7e3a139db
403,17a9fc2028d64f1292eea1f7321c5b3f
405,6bb34d3724b4424cba020b157ab21642
406,7044206f29714d3e879b8d5755a621f3
385,5703dfa7b4f6426c949c82bf7705575c
409,a27f164395ca4f68a26c1ca3040c10f1
410,c3bab173af8c418392bf7600abe660d8
411,6965e4b1e5c4449dba46c9de2cfa9915
412,3df139483e7b42ad8535444bdaf30d30
413,2fbb2c967019428a807acafa1c6d39cc
414,bed19b9ade7d4790817066a041978fe6
416,d03ab18d49e648d1bc3ac63cf61f8c85
417,c38d612a6b7e4a968598e6588e28f87f
418,f0e31da1fd6b41c19674fe2901f31df7
419,5be4d196e74d44b382ff03337edebe54
420,11bd6ed724be4cb09a12807d800f35fb
421,a5b25d4323cd4feca478301959787daf
422,ed77d4ca071b4e9c906248d122ff284f
423,87a4df31e002449d9534e17c14c5f317
425,16d1d001b4ba487c894b978f0191636a
426,9329032b509b496784fc7a31b1103e78
427,adc3347820d14b8e9468880e3eb010f6
428,8f27be0946274a57aee2610a692d101e
408,474e8f584c074198b768cb985c604232
433,d4c558e3d9a747f6bead48799b279be3
434,4b109b648a954733863bb56fc20db098
435,e708669995e844af90f205003683f2fa
436,d455c6ec610c4c33b086293092defe32
437,e57cb9f84ff5480e98eb02a6fcf9a704
438,b2a512ed1d1142cab592c200311bf02d
439,9cad0a9ea4be41819f570954afd7b496
440,9b51f83dbc9949b09bfa8dcaa80472f2
442,8167ea8dacaf42c2b5f82272eabca661
443,9599816f8022458c8940279b80c8f12a
444,132bd6de165540159b7d7fc51c8e9253
445,8caaa00c451748d88555ec4f325f4aba
446,244c6f7f33a048968dbea9cf0b00282a
447,f0b2ed36768d4c99b3ba68d3a553d8d8
448,2c46417161ac45f88a38aa130c30e600
449,8baa02e9e4364e148a2ebc60b32686e5
450,e5221b6ac6524c4786ec36097ceabb1d
431,0705ffb0436841bfbef54a887dd7ad05
456,fa92c96e468149eeab771564dff93ec7
457,abd1d0dcce26437f8254e98a60d96db3
458,2d96f89c25b241a6bd72a79c70b4e5fa
459,a3cd4e6a22674701affdd05b5956b337
460,5012485cc80447978c31ec52d65597d2
461,f2f650952cd7452f84db5e35af362eaf
462,b3bf01adf2fc43209381e342e83ef6fc
463,fc7eb0e7bbf94ca0ab421a1de03b5a7d
464,9471015ffe784d9c960721f08ba23e44
466,32ad9016f5a54f1f91b2ac8aaa1deb88
467,2389345c735a4ec7bc6400105ccba2cd
468,50d3f8e50a874c27a06fc89e4a1547b9
469,33e87aacd2f244f7a2ceedec1d1cf27a
470,5cc44084f32546eda1a4af085b6bf237
471,2df904c75ad94bb792b817aceda05e8f
472,8429e91571f249ac9309a1577661db5e
473,4566aa4fea7a4d0da79e8aa27694ad25
453,32887b242ec74a87b45066f70031e13c
476,871bf59f14fd425da0fb22208d1206a0
477,06e12bba11254c38962b1e2aec193831
479,e4016848f6d148feb2f5eba018188534
480,9b27589ad6f740778bfe3b60d841a285
481,2f662139b6c542b2b72de2a480680408
482,4ab80c29169f402d8c2e74cced58c24d
483,4d2ca8dd6a314bda9125abb5133cdbd5
484,066c5ae891da4d069d613d8c90be714b
486,f661eb3826f3416da845e078ee19d8a3
487,f8463d0cb5c74397afc623195e6828c9
488,578bae17515c4ac89c8f4abe2f2806aa
489,0aab575c5cec4e36a2529011488c00fa
490,f5b07ad6544c41919ca2ced56c0a46f0
491,89139f3637214aad9640c974dc65f7b0
492,be20f3d5548b465c81634c7ed9b005f5
493,996d2f5d32c640e3be424680d4ce59fb
494,a8bc8f4ddaf94e378c5ad653ca5448aa
495,a68b3519ec7a408396600791b577536e
475,fa377a91532e4900bb6b99ae970290bf
499,c2ae3be4b9474e4395c932e9376f0a82
500,d68498cff57e4f0c99cbf00e46384411
501,b3b310d15dfa404bb575705b7d1e5c0c
502,86b74a6c75c64a448aad0709c4af371f
503,a58260be21f143e7badeec0b52a755f3
504,722f9397a19f4c52bb91e20f6e25ca8e
505,f7f2df7e506b402ab35e278f17b89e63
506,45e9b4b9d2a44a78ab0fbabf1a49ea7f
508,da063c10e7a74df884919cc38fd3006d
509,e8b0cb4d6afe4573a949362db4db3183
510,159c40291deb455596155ded63972bf4
511,96bd253297cd42b689edb1549decde78
512,37c3918ebae94262bc20c0ca1625ea3e
513,ccb067af97274f87afe80fadf9813be2
515,d63cac1343ac4b1aac072e458e99132c
516,542dfea8e01a412e96610be64840f595
517,bd011d12bc3c49fba6cc800ffb33a586
518,d0a7e006e79642ec8f5e53ab8234e2d3
498,bad4ae898f574de6b590a62423d02f03
521,495a271fea8445eab2acbb90997f8507
523,44906f4a2b534a60bb3d68a9c8ec74bf
524,70eea308f2a043f2aac0b5b7615170b2
525,8ac17c37b29245b68fa57275cde4c3c5
526,66d9d6d94dec4e36aeefd74d4b5d365a
527,77c92a08ba9c4258a31cfebc9796bc5c
528,e0325df9dd45419b93386f12a2b24078
529,c33ce427ed0148fcb61a9a81453467ea
530,cf768e4a32374d93a9ef5eba17d20c1e
531,5ded495cb4b54079aaa2157b6809bc0a
532,42ccd9758603419ba38a2546d96a0f02
533,2f6d5c3c98ec4d74a65376cc9efeef41
535,dd3d539d8f9b4df6a72d8cd41eeb1853
536,897f889716424951934fc6169c975f9c
537,3b281719520a4045a4fc2d9b1a9a6116
538,23541d8f64f64da8865bf4f2f22776b6
1,cdc36ffaf0544515bc9588cfe52e611d
4,3455d3317f2c402b85cb9a9313e5a328
13,516938dc439c46ac9394a3c449717ac8
520,64f4b76b98b440cc9bb6b8132cb8fba7
23,34a1a4b229f9435fb4ad86f43141fcff
26,7f5d375d86d84fbf9d97bfc6682a362c
36,a7d2f5d4dea44620bd4c4ca2ee170d88
45,a178e9d5b57549abb8922afe0d2ef3d5
51,e50d0a76698240a19cdcdca2667ed20c
58,90fd6c8c94a749f9b25287a19c8b89b1
68,a607dfef822840498b9da16ad8006057
73,e6411dc48ad84bc9af5664222ab73c1d
83,61d00a149f0b4f9facc635dd9a3503f9
90,8c09ee1f2f314e32ac166efa2acef2d9
96,724698e65db74b89920ad539974078d4
106,e1b1bacec988471fa1e4aa7d4c6dd3f5
113,11b86e4675ad46da80a0c00af4f1f66b
118,d34cf814990a4f8a9263686d7d08a437
128,4d86ffd297c84c059577c0afe4f8d0ee
136,4376c0fa29364da595afb32668c02b91
137,db6c5cb9ef344e21876350317992fcec
144,340b9524e8674d4687209e70c262c194
155,8d13019467b2459eaad79c5073288bd4
163,69a2b9ba546749a4b1cf27c979c70b59
172,4ab0220a12ff45a3afa92a8b59e52229
181,d6ba2df590cf4be293836f93e53991c4
182,5133536fdc44445695adf6f244ee69c9
192,a78d6b50065444d4b2d329c245055194
199,612842b535bf4f08bb383c6a26e4546b
204,4bf3c6ea1d7f420c965a91945b435ea8
210,79f92c32d0a244009c8c296dd4daff30
220,e05b378129cb49c7aa41ecf5ba0a7751
226,490d2d8bd1b84045bacd49202103da0a
228,22042d9487784aec8d0229f66111307b
235,e1b31b036bf4439e80d0bc115b842c62
246,826d7c2a98c4454a8cf45d231f36a820
248,84a1ab854d1849cdb3f44bdc013c75ce
252,82591166a0da4655b5f79d72d486b7dd
260,af9761b97aa54a388f03421a6158a0ad
271,156426c3590847128b18b91c7ed7df13
272,f60e39e019054c1680861cd2c0e9c17a
288,34ad57ffa65741f8bf3207e336dc4ae8
294,6d1ca36002414ec99e21aad1990438ba
300,75b7c29435044f7ab33ca3c1ada74754
308,a4c1a99aa50747fda4278b172cdc89a1
316,25c7a21fc53b400e8beaf99955f5bdef
321,bfde006b53cc45f6a3e50e9567216518
329,6636768226854f89a071bff8f5a30bfa
338,4dc37b519dfc470f9fd53cb6041dfebd
348,4ca63d0e3dc34c4f94366d45329b760d
354,5a1a3576871e459e9bb0af1a1d5cd826
361,4782bf9d8265467d9292dfe287cf3e72
362,5f879ef4397f40d5aa225e724d26edeb
372,d11c75294ed74803b546afb2cdc595ca
380,ce6e4a3f1d8046bbaab4af8c2ed9f5e4
384,bc890c70ed394f78a542cc8a34ca3a97
386,928f43cea01e4f08a33f4b24971594b5
395,3e025578600547b9833a303bf4d0b54c
407,d06f13db42d842d38a6505b0d66977d3
24,485c7db7d8184909838502fece949f5e
424,452c1b4e94e3403682c2972303a22e12
430,076fd7ec366e4b4a9c11b3594b6efb93
432,76bef4d30bdc4d0981d9f07abfb57812
441,4a49c109d29549df850dbe27b8cabc12
451,f7c014715b7a4f0ea0aae56377c005fe
452,f69c638784ac4c2e8927765b450574ec
455,399cda56671643bab92aee2cb3819dc5
465,6f48017cfaf24da1be8f3fca4b637597
474,5513c7f18b1d4c84951c2e774d9a8948
478,2e2e3a586702436699d0070b7031ba31
485,024e50a5e06d4cdda86f07b5a44c2228
496,673b82ae1e2745ff9ee21a8ca1462518
497,da73e969cfcb4c22824ff941bbf74159
507,96edf548cd6c4c0f9e3a1ac28c279b0f
514,f46e5bf9c795465f866ff8c8b445099b
519,eb83f3379f0f4d36ab20a1a6f4b93f44
522,631dcecf4cdc4019bfba915664b1c41f
534,d3255cc3aabc4b68ab2c798d9e27d95f
60,68dd7ccd3e1141c1a7050627d87cd253
91,6552a8bde0d14af9b26fbb767ce2af04
119,dc6627f40ac04f79b589d93b344ec405
325,6ca0e5538c194f00b7c30671264a057f
454,9d5030bed1c44dbf8e1de5eb80a06926
22,93568aa9bb0e4b9eb8da00e4ae83339c
159,3e192fde2cda4ca291a9850ad43776fb
279,bf3d2b7b2c0f436583c7c2845e507540
404,9bcc76dc28f748ee983702213ef98a73
415,b8c5f7b6c3b645d69f1450dd846a702d
